date,when,state,kind,title_en,text_en,title_pl,text_pl,source,source_label
2026-07-03,,done,law,Act on AI systems adopted,The Act of 3 July 2026 on artificial intelligence systems creates KRiBSI.,Uchwalona ustawa o systemach AI,Ustawa z 3 lipca 2026 r. o systemach sztucznej inteligencji tworzy KRiBSI.,https://isap.sejm.gov.pl/isap.nsf/DocDetails.xsp?id=WDU20260001003,"ISAP, Dz.U. 2026 poz. 1003"
2026-07-27,,done,law,Published in the Journal of Laws,Dz.U. 2026 poz. 1003.,Publikacja w Dzienniku Ustaw,Dz.U. 2026 poz. 1003.,https://eli.gov.pl/eli/DU/2026/1003/ogl/pol,"ELI, Dz.U. 2026 poz. 1003"
2026-08-11,,done,law,Main provisions in force,"14 days after publication (Art. 127). The provisions on opinions, inspections and fines follow on 28 October.",Wchodzi w życie główna część ustawy,"14 dni po ogłoszeniu (art. 127). Przepisy o opiniach, kontrolach i karach od 28 października.",https://isap.sejm.gov.pl/isap.nsf/DocDetails.xsp?id=WDU20260001003,"Dz.U. 2026 poz. 1003, Art. 127"
2026-09-02,,done,report,Ministry expects the commission to start in November,"According to the Ministry of Digital Affairs, as reported: chair appointed in October, full commission operating in November.",Ministerstwo: komisja ruszy w listopadzie,"Według Ministerstwa Cyfryzacji, jak podaje serwis: przewodniczący w październiku, pełna komisja od listopada.",https://digitalhr.pl/nowosci/kribsi-ma-rozpoczac-prace-w-listopadzie-narzedzia-dla-firm-ruszaja-28-pazdziernika/,"Digital HR, 2 Sep 2026"
2026-09-18,,done,appointment,Sejm appoints Pamela Krzypkowska as chair,"271 votes for, 24 against, 140 abstentions. She was director of the Department of Research and Innovation at the Ministry of Digital Affairs. The Senate's consent is still required.",Sejm wybiera Pamelę Krzypkowską na przewodniczącą,"271 głosów za, 24 przeciw, 140 wstrzymujących się. Wcześniej dyrektorka Departamentu Badań i Innowacji w Ministerstwie Cyfryzacji. Potrzebna jeszcze zgoda Senatu.",https://www.rp.pl/prawo-w-polsce/art45159621-sejm-powolal-pamele-krzypkowska-na-szefowa-komisji-rozwoju-i-bezpieczenstwa-ai,"Rzeczpospolita, 18 Sep 2026"
,about a month after the Sejm vote (around 20 October),pending,appointment,Senate decides on the chair,One month from receiving the Sejm's resolution; no vote in that time counts as consent (Art. 28).,Senat decyduje o przewodniczącej,Miesiąc od otrzymania uchwały Sejmu; brak uchwały w tym terminie oznacza zgodę (art. 28).,https://isap.sejm.gov.pl/isap.nsf/DocDetails.xsp?id=WDU20260001003,"Dz.U. 2026 poz. 1003, Art. 28"
2026-10-28,,upcoming,law,"Opinions, inspections, fines and sandboxes apply","Art. 8–18 and chapters 3–5, 8 and 9 take effect three months after publication (Art. 127).","Obowiązują opinie, kontrole, kary i piaskownice","Art. 8–18 oraz rozdziały 3–5, 8 i 9 wchodzą w życie po trzech miesiącach od ogłoszenia (art. 127).",https://isap.sejm.gov.pl/isap.nsf/DocDetails.xsp?id=WDU20260001003,"Dz.U. 2026 poz. 1003, Art. 127"
,November 2026,expected,report,Full commission expected to start work,"Ministry projection; deputies and the four members from UOKiK, KNF, KRRiT and UKE still to be named.",Pełna komisja ma zacząć pracę,"Prognoza ministerstwa; zastępcy i czterej członkowie z UOKiK, KNF, KRRiT i UKE jeszcze niewskazani.",https://digitalhr.pl/nowosci/kribsi-ma-rozpoczac-prace-w-listopadzie-narzedzia-dla-firm-ruszaja-28-pazdziernika/,"Digital HR, 2 Sep 2026"
2027-03-31,,expected,publication,First annual good-practice information due,KRiBSI must publish examples of good practice in its BIP by 31 March each year (Art. 6).,Pierwsza coroczna informacja o dobrych praktykach,KRiBSI publikuje w BIP przykłady dobrych praktyk do 31 marca każdego roku (art. 6).,https://isap.sejm.gov.pl/isap.nsf/DocDetails.xsp?id=WDU20260001003,"Dz.U. 2026 poz. 1003, Art. 6"
